category,category_revenue
Electronics,9.489349299999985E7
Computing,9.475295863000005E7
Accessories,9.442361856000048E7
